"0","library(readr)"
"0","heritage_index_of_economic_freedom_2026_03_25_1950 <- read_csv(""heritage-index-of-economic-freedom-2026-03-25_1950.csv"")"
"2","Warning: [38;5;232mOne or more parsing issues, call `problems()` on your data frame for details, e.g.:
  dat <- vroom(...)
  problems(dat)[39m"
"2","[1mRows: [22m[34m5891[39m [1mColumns: [22m[34m1[39m"
"2","[36m──[39m [1mColumn specification[22m [36m────────────────────────────────────────────────────────────────────────────────────────────[39m
[1mDelimiter:[22m "",""
[31mchr[39m (1): Index of Economic Freedom -- Explore the Data"
"2","
[36mℹ[39m Use `spec()` to retrieve the full column specification for this data.
[36mℹ[39m Specify the column types or set `show_col_types = FALSE` to quiet this message."
"0","View(heritage_index_of_economic_freedom_2026_03_25_1950)"
